Place ID,Business Name,Phone
ChIJf2n-H9t1uCQRUzPxaliDdqM,Dupree Electrical,+1 205-784-8512
ChIJe_IMOd8_iYgRR5T1HMOv5Bo,JD Allen Services,+1 205-966-2590
ChIJidqiLzgPiYgR-3IUyeRj8mQ,Robinson Electrical Contractors LLC,+1 205-597-9462
ChIJsaH3vGaviIgRHlomWxuPnrM,Ryan Electrical Services LLC,+1 205-239-1133
ChIJ_xXlEkmZYogRStM8syeqHOo,Jeff Turner Electrical,+1 256-606-1677
ChIJIemoMM5uYksR4bSEmcJNHFM,All Source Electrical and Lightning Services llc,+1 205-999-9832
ChIJ__K2REINjogR2DOWaH9__RM,JCE Electrical,+1 334-318-2044
ChIJidqiLzgPiYgR-3IUyeRj8mQ,Bowen Electric,+1 205-799-2531
ChIJB_K_c5UZoWsRsfg3ss7zaPg,"Whalen Electric Services, LLC",+1 205-229-6267
ChIJtcwyitwCdWQR3AAv7_zThR0,Mounting High LLC,+1 662-251-8472
ChIJ53itrHFvgYgRg_Co6092b3A,"Moodyâ€™s Electric Service, LLC",+1 662-803-5550
ChIJJyFsrxn9dwoRpS4Rfqode7c,harrison electric llc,+1 334-392-1660
ChIJ8VY1tmT_mqcRDTiPmyWnRDQ,"Resource Electrical Services, LLC",+1 334-412-2566
ChIJKTsNHNR9kogR0voT8l67UnM,Reliant Electrical Solutions LLC,+1 334-733-8722
ChIJRbviIlcqjIgRq5SRGK9hWPo,Hendrix Electrix,+1 334-235-9109
ChIJS_YPnQiBjogROmRN7Lnp2j4,Montgomery Electrical Services,+1 334-258-8628
ChIJ1ZgpqqzpuCMR7892KKIHaFI,Ceh Electric Solutions,+1 334-303-6146
ChIJU11D1fEMjIgRZBnjCdWzK14,Agee Electric,+1 256-794-7190
ChIJbSw-aooKv2YRdsy_06w_feE,Jackson Electrical Services of Alabama LLC,+1 205-568-2786
ChIJPV1pr4uQiYgR0YXEuYQWd98,Holcombe Electric llc,+1 205-296-6459
ChIJQ7rcQot9iYgRIEfJAPFFSAg,"Ralph Electric, LLC",+1 256-454-2065
ChIJF0-8kZ-niYgRW_GnfFJPAhY,Good Stewart Electric,+1 205-478-9806
ChIJserrPLqp1EkRbqLVejiiMe0,The Electrical Plug,+1 256-589-6557
ChIJvxXDwGoV8GcRpF8oRVIlMCU,"Southern Home Innovative Tech, LLC",+1 256-872-1125
ChIJVwTi2JSLkogRBeZowVrmK-Y,Dr. Watts Electric Service,+1 334-435-6430
ChIJfzLKhWWrk4gRdB3xH9LUSoM,Buck's Electrical Contractor,+1 850-373-7047
ChIJ9RtgipbZkogRCmRUacOm2hs,Jones Johnson Electrical,+1 850-557-9077
ChIJI4xBmLL5kogRXpPR-lIhtRQ,"Middlebrooks Brothers, Inc.",+1 850-372-2829
ChIJVTA20eA6k4gRQEYmaHpN5Nc,"King Electric & Construction, LLC",+1 850-693-2323
ChIJlVbM7youewIRWPYMW6PGMhY,Willpower Electric,+1 334-525-0057
ChIJLXkS4WoOmogRkdUa1YYwcEg,Island Electric Company,+1 251-597-8378
ChIJl_NJ3KIc_0oR13_u0leXbik,Home Electrical Services,+1 828-260-2467
ChIJox3Blr0HmogR9ZmtbJ4oaKA,Ben Clark Electrical,+1 251-284-8990
ChIJKf4sDDIPmogRm58jPgcRjAc,Ben Clark Electrical,+1 251-284-8990
ChIJU4IPujYJmogRZPsPymXWpMI,Hamner Electrical Services,+1 205-233-0569
ChIJzejgq0xG64IRaX7VBxQMgok,Master Electrical Company LLC,+1 251-504-6590
ChIJ16psTDf2-QwRAvupTMHRvoQ,Avad Electrical Services LLC,+1 251-591-2165
ChIJo0qIVflk6y0RdBpBfJqmfRk,Longleaf Electric LLC,+1 251-591-0749
ChIJvX2y2KpymogRyGT0i9K5ZJk,Robinson Electric LLC,+1 251-747-3198
ChIJpTfOcOM9mogR14GGB3o-dnU,Southern Wiring Solutions LLC,+1 251-421-6464
ChIJzajK4BATmogRY1MreyG3_C8,Lambert Home Services,+1 251-979-1748
ChIJabl3HoYTmogRXtFqk1raDuc,Coastal Electric Services LLC,+1 251-752-3456
ChIJKyDP5W21m4gRAK2tbyNbJ8Y,Due South Electric,+1 251-599-8430
ChIJM_xUzl020qoR1hH62MXi7Dc,Ritchie Electric,+1 251-459-3139
ChIJOZI6NfY8YU0RGPpNbnyCy9c,3 Phase Solutions,+1 251-680-9683
ChIJ2Q8EoWrNiYgRECi7JHoXdQY,"D1 Electric, LLC",+1 256-339-8603
